"SUBJECT","Subject","LOCATION","Country","MEASURE","Measure","FREQUENCY","Frequency","TIME","Time","Unit Code","Unit","PowerCode Code","PowerCode","Reference Period Code","Reference Period","Value","Flag Codes","Flags"
"CPALTT01","Consumer prices: all items","NLD","Netherlands","ST","Level, ratio or index","M","Monthly","1996-01","Jan-1996","IDX","Index","0","units","2010_100","2010=100",74.1577413453991,,
"CPALTT01","Consumer prices: all items","NLD","Netherlands","ST","Level, ratio or index","M","Monthly","1996-02","Feb-1996","IDX","Index","0","units","2010_100","2010=100",74.448225295577,,
"CPALTT01","Consumer prices: all items","NLD","Netherlands","ST","Level, ratio or index","M","Monthly","1996-03","Mar-1996","IDX","Index","0","units","2010_100","2010=100",75.1322681459957,,
"CPALTT01","Consumer prices: all items","NLD","Netherlands","ST","Level, ratio or index","M","Monthly","1996-04","Apr-1996","IDX","Index","0","units","2010_100","2010=100",75.3571589461334,,
"CPALTT01","Consumer prices: all items","NLD","Netherlands","ST","Level, ratio or index","M","Monthly","1996-05","May-1996","IDX","Index","0","units","2010_100","2010=100",75.1791203960244,,
"CPALTT01","Consumer prices: all items","NLD","Netherlands","ST","Level, ratio or index","M","Monthly","1996-06","Jun-1996","IDX","Index","0","units","2010_100","2010=100",74.8605250958294,,
"CPALTT01","Consumer prices: all items","NLD","Netherlands","ST","Level, ratio or index","M","Monthly","1996-07","Jul-1996","IDX","Index","0","units","2010_100","2010=100",75.0666749959556,,
"CPALTT01","Consumer prices: all items","NLD","Netherlands","ST","Level, ratio or index","M","Monthly","1996-08","Aug-1996","IDX","Index","0","units","2010_100","2010=100",74.9729704958982,,
"CPALTT01","Consumer prices: all items","NLD","Netherlands","ST","Level, ratio or index","M","Monthly","1996-09","Sep-1996","IDX","Index","0","units","2010_100","2010=100",75.657013346317,,
"CPALTT01","Consumer prices: all items","NLD","Netherlands","ST","Level, ratio or index","M","Monthly","1996-10","Oct-1996","IDX","Index","0","units","2010_100","2010=100",75.835051896426,,
"CPALTT01","Consumer prices: all items","NLD","Netherlands","ST","Level, ratio or index","M","Monthly","1996-11","Nov-1996","IDX","Index","0","units","2010_100","2010=100",75.7507178463743,,
"CPALTT01","Consumer prices: all items","NLD","Netherlands","ST","Level, ratio or index","M","Monthly","1996-12","Dec-1996","IDX","Index","0","units","2010_100","2010=100",75.6757542463284,,
"CPALTT01","Consumer prices: all items","NLD","Netherlands","ST","Level, ratio or index","M","Monthly","1997-01","Jan-1997","IDX","Index","0","units","2010_100","2010=100",75.7881996463973,,
"CPALTT01","Consumer prices: all items","NLD","Netherlands","ST","Level, ratio or index","M","Monthly","1997-02","Feb-1997","IDX","Index","0","units","2010_100","2010=100",75.9381268464891,,
"CPALTT01","Consumer prices: all items","NLD","Netherlands","ST","Level, ratio or index","M","Monthly","1997-03","Mar-1997","IDX","Index","0","units","2010_100","2010=100",76.509724296839,,
"CPALTT01","Consumer prices: all items","NLD","Netherlands","ST","Level, ratio or index","M","Monthly","1997-04","Apr-1997","IDX","Index","0","units","2010_100","2010=100",76.5846878968849,,
"CPALTT01","Consumer prices: all items","NLD","Netherlands","ST","Level, ratio or index","M","Monthly","1997-05","May-1997","IDX","Index","0","units","2010_100","2010=100",76.7533559969881,,
"CPALTT01","Consumer prices: all items","NLD","Netherlands","ST","Level, ratio or index","M","Monthly","1997-06","Jun-1997","IDX","Index","0","units","2010_100","2010=100",76.3785379967587,,
"CPALTT01","Consumer prices: all items","NLD","Netherlands","ST","Level, ratio or index","M","Monthly","1997-07","Jul-1997","IDX","Index","0","units","2010_100","2010=100",76.650281046925,,
"CPALTT01","Consumer prices: all items","NLD","Netherlands","ST","Level, ratio or index","M","Monthly","1997-08","Aug-1997","IDX","Index","0","units","2010_100","2010=100",76.8564309470512,,
"CPALTT01","Consumer prices: all items","NLD","Netherlands","ST","Level, ratio or index","M","Monthly","1997-09","Sep-1997","IDX","Index","0","units","2010_100","2010=100",77.5498442474758,,
"CPALTT01","Consumer prices: all items","NLD","Netherlands","ST","Level, ratio or index","M","Monthly","1997-10","Oct-1997","IDX","Index","0","units","2010_100","2010=100",77.6248078475216,,
"CPALTT01","Consumer prices: all items","NLD","Netherlands","ST","Level, ratio or index","M","Monthly","1997-11","Nov-1997","IDX","Index","0","units","2010_100","2010=100",77.6622896475446,,
"CPALTT01","Consumer prices: all items","NLD","Netherlands","ST","Level, ratio or index","M","Monthly","1997-12","Dec-1997","IDX","Index","0","units","2010_100","2010=100",77.4280283974012,,
"CPALTT01","Consumer prices: all items","NLD","Netherlands","ST","Level, ratio or index","M","Monthly","1998-01","Jan-1998","IDX","Index","0","units","2010_100","2010=100",77.1750262472463,,
"CPALTT01","Consumer prices: all items","NLD","Netherlands","ST","Level, ratio or index","M","Monthly","1998-02","Feb-1998","IDX","Index","0","units","2010_100","2010=100",77.6060669475102,,
"CPALTT01","Consumer prices: all items","NLD","Netherlands","ST","Level, ratio or index","M","Monthly","1998-03","Mar-1998","IDX","Index","0","units","2010_100","2010=100",78.252627997906,,
"CPALTT01","Consumer prices: all items","NLD","Netherlands","ST","Level, ratio or index","M","Monthly","1998-04","Apr-1998","IDX","Index","0","units","2010_100","2010=100",78.4400369980207,,
"CPALTT01","Consumer prices: all items","NLD","Netherlands","ST","Level, ratio or index","M","Monthly","1998-05","May-1998","IDX","Index","0","units","2010_100","2010=100",78.3650733979748,,
"CPALTT01","Consumer prices: all items","NLD","Netherlands","ST","Level, ratio or index","M","Monthly","1998-06","Jun-1998","IDX","Index","0","units","2010_100","2010=100",78.037107647774,,
"CPALTT01","Consumer prices: all items","NLD","Netherlands","ST","Level, ratio or index","M","Monthly","1998-07","Jul-1998","IDX","Index","0","units","2010_100","2010=100",78.2057757478773,,
"CPALTT01","Consumer prices: all items","NLD","Netherlands","ST","Level, ratio or index","M","Monthly","1998-08","Aug-1998","IDX","Index","0","units","2010_100","2010=100",78.2057757478773,,
"CPALTT01","Consumer prices: all items","NLD","Netherlands","ST","Level, ratio or index","M","Monthly","1998-09","Sep-1998","IDX","Index","0","units","2010_100","2010=100",78.8617072482789,,
"CPALTT01","Consumer prices: all items","NLD","Netherlands","ST","Level, ratio or index","M","Monthly","1998-10","Oct-1998","IDX","Index","0","units","2010_100","2010=100",79.0397457983879,,
"CPALTT01","Consumer prices: all items","NLD","Netherlands","ST","Level, ratio or index","M","Monthly","1998-11","Nov-1998","IDX","Index","0","units","2010_100","2010=100",79.0303753483821,,
"CPALTT01","Consumer prices: all items","NLD","Netherlands","ST","Level, ratio or index","M","Monthly","1998-12","Dec-1998","IDX","Index","0","units","2010_100","2010=100",78.8054845482444,,
"CPALTT01","Consumer prices: all items","NLD","Netherlands","ST","Level, ratio or index","M","Monthly","1999-01","Jan-1999","IDX","Index","0","units","2010_100","2010=100",78.8617072482789,,
"CPALTT01","Consumer prices: all items","NLD","Netherlands","ST","Level, ratio or index","M","Monthly","1999-02","Feb-1999","IDX","Index","0","units","2010_100","2010=100",79.2552661485198,,
"CPALTT01","Consumer prices: all items","NLD","Netherlands","ST","Level, ratio or index","M","Monthly","1999-03","Mar-1999","IDX","Index","0","units","2010_100","2010=100",79.9393089989386,,
"CPALTT01","Consumer prices: all items","NLD","Netherlands","ST","Level, ratio or index","M","Monthly","1999-04","Apr-1999","IDX","Index","0","units","2010_100","2010=100",80.1079770990418,,
"CPALTT01","Consumer prices: all items","NLD","Netherlands","ST","Level, ratio or index","M","Monthly","1999-05","May-1999","IDX","Index","0","units","2010_100","2010=100",80.136088449059,,
"CPALTT01","Consumer prices: all items","NLD","Netherlands","ST","Level, ratio or index","M","Monthly","1999-06","Jun-1999","IDX","Index","0","units","2010_100","2010=100",79.8268635988697,,
"CPALTT01","Consumer prices: all items","NLD","Netherlands","ST","Level, ratio or index","M","Monthly","1999-07","Jul-1999","IDX","Index","0","units","2010_100","2010=100",79.7706408988353,,
"CPALTT01","Consumer prices: all items","NLD","Netherlands","ST","Level, ratio or index","M","Monthly","1999-08","Aug-1999","IDX","Index","0","units","2010_100","2010=100",80.2204224991107,,
"CPALTT01","Consumer prices: all items","NLD","Netherlands","ST","Level, ratio or index","M","Monthly","1999-09","Sep-1999","IDX","Index","0","units","2010_100","2010=100",80.5952404993401,,
"CPALTT01","Consumer prices: all items","NLD","Netherlands","ST","Level, ratio or index","M","Monthly","1999-10","Oct-1999","IDX","Index","0","units","2010_100","2010=100",80.6608336493803,,
"CPALTT01","Consumer prices: all items","NLD","Netherlands","ST","Level, ratio or index","M","Monthly","1999-11","Nov-1999","IDX","Index","0","units","2010_100","2010=100",80.7639085994434,,
"CPALTT01","Consumer prices: all items","NLD","Netherlands","ST","Level, ratio or index","M","Monthly","1999-12","Dec-1999","IDX","Index","0","units","2010_100","2010=100",80.5015359992828,,
"CPALTT01","Consumer prices: all items","NLD","Netherlands","ST","Level, ratio or index","M","Monthly","2000-01","Jan-2000","IDX","Index","0","units","2010_100","2010=100",80.3703496992024,,
"CPALTT01","Consumer prices: all items","NLD","Netherlands","ST","Level, ratio or index","M","Monthly","2000-02","Feb-2000","IDX","Index","0","units","2010_100","2010=100",80.8107608494721,,
"CPALTT01","Consumer prices: all items","NLD","Netherlands","ST","Level, ratio or index","M","Monthly","2000-03","Mar-2000","IDX","Index","0","units","2010_100","2010=100",81.4479514498622,,
"CPALTT01","Consumer prices: all items","NLD","Netherlands","ST","Level, ratio or index","M","Monthly","2000-04","Apr-2000","IDX","Index","0","units","2010_100","2010=100",81.5885081999482,,
"CPALTT01","Consumer prices: all items","NLD","Netherlands","ST","Level, ratio or index","M","Monthly","2000-05","May-2000","IDX","Index","0","units","2010_100","2010=100",81.8321399000974,,
"CPALTT01","Consumer prices: all items","NLD","Netherlands","ST","Level, ratio or index","M","Monthly","2000-06","Jun-2000","IDX","Index","0","units","2010_100","2010=100",81.7759172000629,,
"CPALTT01","Consumer prices: all items","NLD","Netherlands","ST","Level, ratio or index","M","Monthly","2000-07","Jul-2000","IDX","Index","0","units","2010_100","2010=100",81.6259899999711,,
"CPALTT01","Consumer prices: all items","NLD","Netherlands","ST","Level, ratio or index","M","Monthly","2000-08","Aug-2000","IDX","Index","0","units","2010_100","2010=100",81.9539557501719,,
"CPALTT01","Consumer prices: all items","NLD","Netherlands","ST","Level, ratio or index","M","Monthly","2000-09","Sep-2000","IDX","Index","0","units","2010_100","2010=100",82.8628894007284,,
"CPALTT01","Consumer prices: all items","NLD","Netherlands","ST","Level, ratio or index","M","Monthly","2000-10","Oct-2000","IDX","Index","0","units","2010_100","2010=100",83.0128166008202,,
"CPALTT01","Consumer prices: all items","NLD","Netherlands","ST","Level, ratio or index","M","Monthly","2000-11","Nov-2000","IDX","Index","0","units","2010_100","2010=100",83.0221870508259,,
"CPALTT01","Consumer prices: all items","NLD","Netherlands","ST","Level, ratio or index","M","Monthly","2000-12","Dec-2000","IDX","Index","0","units","2010_100","2010=100",82.591146350562,,
"CPALTT01","Consumer prices: all items","NLD","Netherlands","ST","Level, ratio or index","M","Monthly","2001-01","Jan-2001","IDX","Index","0","units","2010_100","2010=100",83.3595232510324,,
"CPALTT01","Consumer prices: all items","NLD","Netherlands","ST","Level, ratio or index","M","Monthly","2001-02","Feb-2001","IDX","Index","0","units","2010_100","2010=100",84.0529365514569,,
"CPALTT01","Consumer prices: all items","NLD","Netherlands","ST","Level, ratio or index","M","Monthly","2001-03","Mar-2001","IDX","Index","0","units","2010_100","2010=100",84.7744612018986,,
"CPALTT01","Consumer prices: all items","NLD","Netherlands","ST","Level, ratio or index","M","Monthly","2001-04","Apr-2001","IDX","Index","0","units","2010_100","2010=100",85.2429837021854,,
"CPALTT01","Consumer prices: all items","NLD","Netherlands","ST","Level, ratio or index","M","Monthly","2001-05","May-2001","IDX","Index","0","units","2010_100","2010=100",85.5240972023576,,
"CPALTT01","Consumer prices: all items","NLD","Netherlands","ST","Level, ratio or index","M","Monthly","2001-06","Jun-2001","IDX","Index","0","units","2010_100","2010=100",85.2148723521682,,
"CPALTT01","Consumer prices: all items","NLD","Netherlands","ST","Level, ratio or index","M","Monthly","2001-07","Jul-2001","IDX","Index","0","units","2010_100","2010=100",85.1586496521338,,
"CPALTT01","Consumer prices: all items","NLD","Netherlands","ST","Level, ratio or index","M","Monthly","2001-08","Aug-2001","IDX","Index","0","units","2010_100","2010=100",85.4491336023116,,
"CPALTT01","Consumer prices: all items","NLD","Netherlands","ST","Level, ratio or index","M","Monthly","2001-09","Sep-2001","IDX","Index","0","units","2010_100","2010=100",86.4236604029083,,
"CPALTT01","Consumer prices: all items","NLD","Netherlands","ST","Level, ratio or index","M","Monthly","2001-10","Oct-2001","IDX","Index","0","units","2010_100","2010=100",86.3393263528566,,
"CPALTT01","Consumer prices: all items","NLD","Netherlands","ST","Level, ratio or index","M","Monthly","2001-11","Nov-2001","IDX","Index","0","units","2010_100","2010=100",86.2456218527993,,
"CPALTT01","Consumer prices: all items","NLD","Netherlands","ST","Level, ratio or index","M","Monthly","2001-12","Dec-2001","IDX","Index","0","units","2010_100","2010=100",86.0207310526616,,
"CPALTT01","Consumer prices: all items","NLD","Netherlands","ST","Level, ratio or index","M","Monthly","2002-01","Jan-2002","IDX","Index","0","units","2010_100","2010=100",86.7141443530861,,
"CPALTT01","Consumer prices: all items","NLD","Netherlands","ST","Level, ratio or index","M","Monthly","2002-02","Feb-2002","IDX","Index","0","units","2010_100","2010=100",87.1545555033557,,
"CPALTT01","Consumer prices: all items","NLD","Netherlands","ST","Level, ratio or index","M","Monthly","2002-03","Mar-2002","IDX","Index","0","units","2010_100","2010=100",87.8479688037802,,
"CPALTT01","Consumer prices: all items","NLD","Netherlands","ST","Level, ratio or index","M","Monthly","2002-04","Apr-2002","IDX","Index","0","units","2010_100","2010=100",88.2508981540269,,
"CPALTT01","Consumer prices: all items","NLD","Netherlands","ST","Level, ratio or index","M","Monthly","2002-05","May-2002","IDX","Index","0","units","2010_100","2010=100",88.2790095040441,,
"CPALTT01","Consumer prices: all items","NLD","Netherlands","ST","Level, ratio or index","M","Monthly","2002-06","Jun-2002","IDX","Index","0","units","2010_100","2010=100",87.997896003872,,
"CPALTT01","Consumer prices: all items","NLD","Netherlands","ST","Level, ratio or index","M","Monthly","2002-07","Jul-2002","IDX","Index","0","units","2010_100","2010=100",87.9604142038491,,
"CPALTT01","Consumer prices: all items","NLD","Netherlands","ST","Level, ratio or index","M","Monthly","2002-08","Aug-2002","IDX","Index","0","units","2010_100","2010=100",88.213416354004,,
"CPALTT01","Consumer prices: all items","NLD","Netherlands","ST","Level, ratio or index","M","Monthly","2002-09","Sep-2002","IDX","Index","0","units","2010_100","2010=100",89.1129795545546,,
"CPALTT01","Consumer prices: all items","NLD","Netherlands","ST","Level, ratio or index","M","Monthly","2002-10","Oct-2002","IDX","Index","0","units","2010_100","2010=100",88.8974592044227,,
"CPALTT01","Consumer prices: all items","NLD","Netherlands","ST","Level, ratio or index","M","Monthly","2002-11","Nov-2002","IDX","Index","0","units","2010_100","2010=100",88.6444570542678,,
"CPALTT01","Consumer prices: all items","NLD","Netherlands","ST","Level, ratio or index","M","Monthly","2002-12","Dec-2002","IDX","Index","0","units","2010_100","2010=100",88.3820844541072,,
"CPALTT01","Consumer prices: all items","NLD","Netherlands","ST","Level, ratio or index","M","Monthly","2003-01","Jan-2003","IDX","Index","0","units","2010_100","2010=100",88.7569024543367,,
"CPALTT01","Consumer prices: all items","NLD","Netherlands","ST","Level, ratio or index","M","Monthly","2003-02","Feb-2003","IDX","Index","0","units","2010_100","2010=100",89.2816476546579,,
"CPALTT01","Consumer prices: all items","NLD","Netherlands","ST","Level, ratio or index","M","Monthly","2003-03","Mar-2003","IDX","Index","0","units","2010_100","2010=100",90.0593950051341,,
"CPALTT01","Consumer prices: all items","NLD","Netherlands","ST","Level, ratio or index","M","Monthly","2003-04","Apr-2003","IDX","Index","0","units","2010_100","2010=100",90.1343586051799,,
"CPALTT01","Consumer prices: all items","NLD","Netherlands","ST","Level, ratio or index","M","Monthly","2003-05","May-2003","IDX","Index","0","units","2010_100","2010=100",90.0781359051455,,
"CPALTT01","Consumer prices: all items","NLD","Netherlands","ST","Level, ratio or index","M","Monthly","2003-06","Jun-2003","IDX","Index","0","units","2010_100","2010=100",89.6939474549103,,
"CPALTT01","Consumer prices: all items","NLD","Netherlands","ST","Level, ratio or index","M","Monthly","2003-07","Jul-2003","IDX","Index","0","units","2010_100","2010=100",89.8251337549906,,
"CPALTT01","Consumer prices: all items","NLD","Netherlands","ST","Level, ratio or index","M","Monthly","2003-08","Aug-2003","IDX","Index","0","units","2010_100","2010=100",90.0875063551513,,
"CPALTT01","Consumer prices: all items","NLD","Netherlands","ST","Level, ratio or index","M","Monthly","2003-09","Sep-2003","IDX","Index","0","units","2010_100","2010=100",90.9121059556561,,
"CPALTT01","Consumer prices: all items","NLD","Netherlands","ST","Level, ratio or index","M","Monthly","2003-10","Oct-2003","IDX","Index","0","units","2010_100","2010=100",90.6591038055012,,
"CPALTT01","Consumer prices: all items","NLD","Netherlands","ST","Level, ratio or index","M","Monthly","2003-11","Nov-2003","IDX","Index","0","units","2010_100","2010=100",90.4248425553578,,
"CPALTT01","Consumer prices: all items","NLD","Netherlands","ST","Level, ratio or index","M","Monthly","2003-12","Dec-2003","IDX","Index","0","units","2010_100","2010=100",89.8813564550251,,
"CPALTT01","Consumer prices: all items","NLD","Netherlands","ST","Level, ratio or index","M","Monthly","2004-01","Jan-2004","IDX","Index","0","units","2010_100","2010=100",89.9656905050767,,
"CPALTT01","Consumer prices: all items","NLD","Netherlands","ST","Level, ratio or index","M","Monthly","2004-02","Feb-2004","IDX","Index","0","units","2010_100","2010=100",90.3217676052947,,
"CPALTT01","Consumer prices: all items","NLD","Netherlands","ST","Level, ratio or index","M","Monthly","2004-03","Mar-2004","IDX","Index","0","units","2010_100","2010=100",91.0432922557364,,
"CPALTT01","Consumer prices: all items","NLD","Netherlands","ST","Level, ratio or index","M","Monthly","2004-04","Apr-2004","IDX","Index","0","units","2010_100","2010=100",91.3244057559085,,
"CPALTT01","Consumer prices: all items","NLD","Netherlands","ST","Level, ratio or index","M","Monthly","2004-05","May-2004","IDX","Index","0","units","2010_100","2010=100",91.4555920559888,,
"CPALTT01","Consumer prices: all items","NLD","Netherlands","ST","Level, ratio or index","M","Monthly","2004-06","Jun-2004","IDX","Index","0","units","2010_100","2010=100",90.9121059556561,,
"CPALTT01","Consumer prices: all items","NLD","Netherlands","ST","Level, ratio or index","M","Monthly","2004-07","Jul-2004","IDX","Index","0","units","2010_100","2010=100",90.8465128056159,,
"CPALTT01","Consumer prices: all items","NLD","Netherlands","ST","Level, ratio or index","M","Monthly","2004-08","Aug-2004","IDX","Index","0","units","2010_100","2010=100",91.1088854057766,,
"CPALTT01","Consumer prices: all items","NLD","Netherlands","ST","Level, ratio or index","M","Monthly","2004-09","Sep-2004","IDX","Index","0","units","2010_100","2010=100",91.8304100562182,,
"CPALTT01","Consumer prices: all items","NLD","Netherlands","ST","Level, ratio or index","M","Monthly","2004-10","Oct-2004","IDX","Index","0","units","2010_100","2010=100",91.8678918562412,,
"CPALTT01","Consumer prices: all items","NLD","Netherlands","ST","Level, ratio or index","M","Monthly","2004-11","Nov-2004","IDX","Index","0","units","2010_100","2010=100",91.6055192560806,,
"CPALTT01","Consumer prices: all items","NLD","Netherlands","ST","Level, ratio or index","M","Monthly","2004-12","Dec-2004","IDX","Index","0","units","2010_100","2010=100",90.8839946056389,,
"CPALTT01","Consumer prices: all items","NLD","Netherlands","ST","Level, ratio or index","M","Monthly","2005-01","Jan-2005","IDX","Index","0","units","2010_100","2010=100",91.305664855897,,
"CPALTT01","Consumer prices: all items","NLD","Netherlands","ST","Level, ratio or index","M","Monthly","2005-02","Feb-2005","IDX","Index","0","units","2010_100","2010=100",91.8304100562182,,
"CPALTT01","Consumer prices: all items","NLD","Netherlands","ST","Level, ratio or index","M","Monthly","2005-03","Mar-2005","IDX","Index","0","units","2010_100","2010=100",92.6175278567001,,
"CPALTT01","Consumer prices: all items","NLD","Netherlands","ST","Level, ratio or index","M","Monthly","2005-04","Apr-2005","IDX","Index","0","units","2010_100","2010=100",92.7487141567804,,
"CPALTT01","Consumer prices: all items","NLD","Netherlands","ST","Level, ratio or index","M","Monthly","2005-05","May-2005","IDX","Index","0","units","2010_100","2010=100",92.692491456746,,
"CPALTT01","Consumer prices: all items","NLD","Netherlands","ST","Level, ratio or index","M","Monthly","2005-06","Jun-2005","IDX","Index","0","units","2010_100","2010=100",92.4207484065796,,
"CPALTT01","Consumer prices: all items","NLD","Netherlands","ST","Level, ratio or index","M","Monthly","2005-07","Jul-2005","IDX","Index","0","units","2010_100","2010=100",92.3176734565166,,
"CPALTT01","Consumer prices: all items","NLD","Netherlands","ST","Level, ratio or index","M","Monthly","2005-08","Aug-2005","IDX","Index","0","units","2010_100","2010=100",92.7393437067747,,
"CPALTT01","Consumer prices: all items","NLD","Netherlands","ST","Level, ratio or index","M","Monthly","2005-09","Sep-2005","IDX","Index","0","units","2010_100","2010=100",93.4608683572164,,
"CPALTT01","Consumer prices: all items","NLD","Netherlands","ST","Level, ratio or index","M","Monthly","2005-10","Oct-2005","IDX","Index","0","units","2010_100","2010=100",93.404645657182,,
"CPALTT01","Consumer prices: all items","NLD","Netherlands","ST","Level, ratio or index","M","Monthly","2005-11","Nov-2005","IDX","Index","0","units","2010_100","2010=100",93.1891253070501,,
"CPALTT01","Consumer prices: all items","NLD","Netherlands","ST","Level, ratio or index","M","Monthly","2005-12","Dec-2005","IDX","Index","0","units","2010_100","2010=100",92.7393437067747,,
"CPALTT01","Consumer prices: all items","NLD","Netherlands","ST","Level, ratio or index","M","Monthly","2006-01","Jan-2006","IDX","Index","0","units","2010_100","2010=100",92.4676006566084,,
"CPALTT01","Consumer prices: all items","NLD","Netherlands","ST","Level, ratio or index","M","Monthly","2006-02","Feb-2006","IDX","Index","0","units","2010_100","2010=100",92.8236777568264,,
"CPALTT01","Consumer prices: all items","NLD","Netherlands","ST","Level, ratio or index","M","Monthly","2006-03","Mar-2006","IDX","Index","0","units","2010_100","2010=100",93.5545728572738,,
"CPALTT01","Consumer prices: all items","NLD","Netherlands","ST","Level, ratio or index","M","Monthly","2006-04","Apr-2006","IDX","Index","0","units","2010_100","2010=100",93.9856135575376,,
"CPALTT01","Consumer prices: all items","NLD","Netherlands","ST","Level, ratio or index","M","Monthly","2006-05","May-2006","IDX","Index","0","units","2010_100","2010=100",94.0605771575836,,
"CPALTT01","Consumer prices: all items","NLD","Netherlands","ST","Level, ratio or index","M","Monthly","2006-06","Jun-2006","IDX","Index","0","units","2010_100","2010=100",93.723240957377,,
"CPALTT01","Consumer prices: all items","NLD","Netherlands","ST","Level, ratio or index","M","Monthly","2006-07","Jul-2006","IDX","Index","0","units","2010_100","2010=100",93.545202407268,,
"CPALTT01","Consumer prices: all items","NLD","Netherlands","ST","Level, ratio or index","M","Monthly","2006-08","Aug-2006","IDX","Index","0","units","2010_100","2010=100",94.0418362575721,,
"CPALTT01","Consumer prices: all items","NLD","Netherlands","ST","Level, ratio or index","M","Monthly","2006-09","Sep-2006","IDX","Index","0","units","2010_100","2010=100",94.3979133577901,,
"CPALTT01","Consumer prices: all items","NLD","Netherlands","ST","Level, ratio or index","M","Monthly","2006-10","Oct-2006","IDX","Index","0","units","2010_100","2010=100",94.1636521076466,,
"CPALTT01","Consumer prices: all items","NLD","Netherlands","ST","Level, ratio or index","M","Monthly","2006-11","Nov-2006","IDX","Index","0","units","2010_100","2010=100",94.0137249075549,,
"CPALTT01","Consumer prices: all items","NLD","Netherlands","ST","Level, ratio or index","M","Monthly","2006-12","Dec-2006","IDX","Index","0","units","2010_100","2010=100",93.6670182573426,,
"CPALTT01","Consumer prices: all items","NLD","Netherlands","ST","Level, ratio or index","M","Monthly","2007-01","Jan-2007","IDX","Index","0","units","2010_100","2010=100",93.7794636574114,,
"CPALTT01","Consumer prices: all items","NLD","Netherlands","ST","Level, ratio or index","M","Monthly","2007-02","Feb-2007","IDX","Index","0","units","2010_100","2010=100",94.2105043576753,,
"CPALTT01","Consumer prices: all items","NLD","Netherlands","ST","Level, ratio or index","M","Monthly","2007-03","Mar-2007","IDX","Index","0","units","2010_100","2010=100",95.2318834083006,,
"CPALTT01","Consumer prices: all items","NLD","Netherlands","ST","Level, ratio or index","M","Monthly","2007-04","Apr-2007","IDX","Index","0","units","2010_100","2010=100",95.6910354585817,,
"CPALTT01","Consumer prices: all items","NLD","Netherlands","ST","Level, ratio or index","M","Monthly","2007-05","May-2007","IDX","Index","0","units","2010_100","2010=100",95.7566286086219,,
"CPALTT01","Consumer prices: all items","NLD","Netherlands","ST","Level, ratio or index","M","Monthly","2007-06","Jun-2007","IDX","Index","0","units","2010_100","2010=100",95.363069708381,,
"CPALTT01","Consumer prices: all items","NLD","Netherlands","ST","Level, ratio or index","M","Monthly","2007-07","Jul-2007","IDX","Index","0","units","2010_100","2010=100",94.9132881081056,,
"CPALTT01","Consumer prices: all items","NLD","Netherlands","ST","Level, ratio or index","M","Monthly","2007-08","Aug-2007","IDX","Index","0","units","2010_100","2010=100",95.0819562082088,,
"CPALTT01","Consumer prices: all items","NLD","Netherlands","ST","Level, ratio or index","M","Monthly","2007-09","Sep-2007","IDX","Index","0","units","2010_100","2010=100",95.644183208553,,
"CPALTT01","Consumer prices: all items","NLD","Netherlands","ST","Level, ratio or index","M","Monthly","2007-10","Oct-2007","IDX","Index","0","units","2010_100","2010=100",95.681665008576,,
"CPALTT01","Consumer prices: all items","NLD","Netherlands","ST","Level, ratio or index","M","Monthly","2007-11","Nov-2007","IDX","Index","0","units","2010_100","2010=100",95.822221758662,,
"CPALTT01","Consumer prices: all items","NLD","Netherlands","ST","Level, ratio or index","M","Monthly","2007-12","Dec-2007","IDX","Index","0","units","2010_100","2010=100",95.4192924084154,,
"CPALTT01","Consumer prices: all items","NLD","Netherlands","ST","Level, ratio or index","M","Monthly","2008-01","Jan-2008","IDX","Index","0","units","2010_100","2010=100",95.681665008576,,
"CPALTT01","Consumer prices: all items","NLD","Netherlands","ST","Level, ratio or index","M","Monthly","2008-02","Feb-2008","IDX","Index","0","units","2010_100","2010=100",96.3282260589718,,
"CPALTT01","Consumer prices: all items","NLD","Netherlands","ST","Level, ratio or index","M","Monthly","2008-03","Mar-2008","IDX","Index","0","units","2010_100","2010=100",97.2840119595569,,
"CPALTT01","Consumer prices: all items","NLD","Netherlands","ST","Level, ratio or index","M","Monthly","2008-04","Apr-2008","IDX","Index","0","units","2010_100","2010=100",97.6400890597749,,
"CPALTT01","Consumer prices: all items","NLD","Netherlands","ST","Level, ratio or index","M","Monthly","2008-05","May-2008","IDX","Index","0","units","2010_100","2010=100",97.9867957099872,,
"CPALTT01","Consumer prices: all items","NLD","Netherlands","ST","Level, ratio or index","M","Monthly","2008-06","Jun-2008","IDX","Index","0","units","2010_100","2010=100",97.8087571598782,,
"CPALTT01","Consumer prices: all items","NLD","Netherlands","ST","Level, ratio or index","M","Monthly","2008-07","Jul-2008","IDX","Index","0","units","2010_100","2010=100",97.95868435997,,
"CPALTT01","Consumer prices: all items","NLD","Netherlands","ST","Level, ratio or index","M","Monthly","2008-08","Aug-2008","IDX","Index","0","units","2010_100","2010=100",98.1460933600847,,
"CPALTT01","Consumer prices: all items","NLD","Netherlands","ST","Level, ratio or index","M","Monthly","2008-09","Sep-2008","IDX","Index","0","units","2010_100","2010=100",98.5677636103428,,
"CPALTT01","Consumer prices: all items","NLD","Netherlands","ST","Level, ratio or index","M","Monthly","2008-10","Oct-2008","IDX","Index","0","units","2010_100","2010=100",98.3428728102052,,
"CPALTT01","Consumer prices: all items","NLD","Netherlands","ST","Level, ratio or index","M","Monthly","2008-11","Nov-2008","IDX","Index","0","units","2010_100","2010=100",97.9867957099872,,
"CPALTT01","Consumer prices: all items","NLD","Netherlands","ST","Level, ratio or index","M","Monthly","2008-12","Dec-2008","IDX","Index","0","units","2010_100","2010=100",97.2746415095512,,
"CPALTT01","Consumer prices: all items","NLD","Netherlands","ST","Level, ratio or index","M","Monthly","2009-01","Jan-2009","IDX","Index","0","units","2010_100","2010=100",97.5276436597061,,
"CPALTT01","Consumer prices: all items","NLD","Netherlands","ST","Level, ratio or index","M","Monthly","2009-02","Feb-2009","IDX","Index","0","units","2010_100","2010=100",98.2116865101248,,
"CPALTT01","Consumer prices: all items","NLD","Netherlands","ST","Level, ratio or index","M","Monthly","2009-03","Mar-2009","IDX","Index","0","units","2010_100","2010=100",99.1955837607272,,
"CPALTT01","Consumer prices: all items","NLD","Netherlands","ST","Level, ratio or index","M","Monthly","2009-04","Apr-2009","IDX","Index","0","units","2010_100","2010=100",99.4204745608649,,
"CPALTT01","Consumer prices: all items","NLD","Netherlands","ST","Level, ratio or index","M","Monthly","2009-05","May-2009","IDX","Index","0","units","2010_100","2010=100",99.5516608609452,,
"CPALTT01","Consumer prices: all items","NLD","Netherlands","ST","Level, ratio or index","M","Monthly","2009-06","Jun-2009","IDX","Index","0","units","2010_100","2010=100",99.2049542107329,,
"CPALTT01","Consumer prices: all items","NLD","Netherlands","ST","Level, ratio or index","M","Monthly","2009-07","Jul-2009","IDX","Index","0","units","2010_100","2010=100",98.1460933600847,,
"CPALTT01","Consumer prices: all items","NLD","Netherlands","ST","Level, ratio or index","M","Monthly","2009-08","Aug-2009","IDX","Index","0","units","2010_100","2010=100",98.4178364102511,,
"CPALTT01","Consumer prices: all items","NLD","Netherlands","ST","Level, ratio or index","M","Monthly","2009-09","Sep-2009","IDX","Index","0","units","2010_100","2010=100",98.9425816105723,,
"CPALTT01","Consumer prices: all items","NLD","Netherlands","ST","Level, ratio or index","M","Monthly","2009-10","Oct-2009","IDX","Index","0","units","2010_100","2010=100",99.0362861106297,,
"CPALTT01","Consumer prices: all items","NLD","Netherlands","ST","Level, ratio or index","M","Monthly","2009-11","Nov-2009","IDX","Index","0","units","2010_100","2010=100",98.9332111605666,,
"CPALTT01","Consumer prices: all items","NLD","Netherlands","ST","Level, ratio or index","M","Monthly","2009-12","Dec-2009","IDX","Index","0","units","2010_100","2010=100",98.3522432602109,,
"CPALTT01","Consumer prices: all items","NLD","Netherlands","ST","Level, ratio or index","M","Monthly","2010-01","Jan-2010","IDX","Index","0","units","2010_100","2010=100",98.3194882946491,,
"CPALTT01","Consumer prices: all items","NLD","Netherlands","ST","Level, ratio or index","M","Monthly","2010-02","Feb-2010","IDX","Index","0","units","2010_100","2010=100",99.0182608933007,,
"CPALTT01","Consumer prices: all items","NLD","Netherlands","ST","Level, ratio or index","M","Monthly","2010-03","Mar-2010","IDX","Index","0","units","2010_100","2010=100",100.197439653525,,
"CPALTT01","Consumer prices: all items","NLD","Netherlands","ST","Level, ratio or index","M","Monthly","2010-04","Apr-2010","IDX","Index","0","units","2010_100","2010=100",100.535907630997,,
"CPALTT01","Consumer prices: all items","NLD","Netherlands","ST","Level, ratio or index","M","Monthly","2010-05","May-2010","IDX","Index","0","units","2010_100","2010=100",100.492234343581,,
"CPALTT01","Consumer prices: all items","NLD","Netherlands","ST","Level, ratio or index","M","Monthly","2010-06","Jun-2010","IDX","Index","0","units","2010_100","2010=100",100.011828182008,,
"CPALTT01","Consumer prices: all items","NLD","Netherlands","ST","Level, ratio or index","M","Monthly","2010-07","Jul-2010","IDX","Index","0","units","2010_100","2010=100",99.7279518138062,,
"CPALTT01","Consumer prices: all items","NLD","Netherlands","ST","Level, ratio or index","M","Monthly","2010-08","Aug-2010","IDX","Index","0","units","2010_100","2010=100",99.8808083197612,,
"CPALTT01","Consumer prices: all items","NLD","Netherlands","ST","Level, ratio or index","M","Monthly","2010-09","Sep-2010","IDX","Index","0","units","2010_100","2010=100",100.503152665435,,
"CPALTT01","Consumer prices: all items","NLD","Netherlands","ST","Level, ratio or index","M","Monthly","2010-10","Oct-2010","IDX","Index","0","units","2010_100","2010=100",100.590499240267,,
"CPALTT01","Consumer prices: all items","NLD","Netherlands","ST","Level, ratio or index","M","Monthly","2010-11","Nov-2010","IDX","Index","0","units","2010_100","2010=100",100.470397699874,,
"CPALTT01","Consumer prices: all items","NLD","Netherlands","ST","Level, ratio or index","M","Monthly","2010-12","Dec-2010","IDX","Index","0","units","2010_100","2010=100",100.252031262795,,
"CPALTT01","Consumer prices: all items","NLD","Netherlands","ST","Level, ratio or index","M","Monthly","2011-01","Jan-2011","IDX","Index","0","units","2010_100","2010=100",100.142848044256,,
"CPALTT01","Consumer prices: all items","NLD","Netherlands","ST","Level, ratio or index","M","Monthly","2011-02","Feb-2011","IDX","Index","0","units","2010_100","2010=100",100.896212252177,,
"CPALTT01","Consumer prices: all items","NLD","Netherlands","ST","Level, ratio or index","M","Monthly","2011-03","Mar-2011","IDX","Index","0","units","2010_100","2010=100",102.04263604684,,
"CPALTT01","Consumer prices: all items","NLD","Netherlands","ST","Level, ratio or index","M","Monthly","2011-04","Apr-2011","IDX","Index","0","units","2010_100","2010=100",102.588552139536,,
"CPALTT01","Consumer prices: all items","NLD","Netherlands","ST","Level, ratio or index","M","Monthly","2011-05","May-2011","IDX","Index","0","units","2010_100","2010=100",102.664980392514,,
"CPALTT01","Consumer prices: all items","NLD","Netherlands","ST","Level, ratio or index","M","Monthly","2011-06","Jun-2011","IDX","Index","0","units","2010_100","2010=100",102.162737587233,,
"CPALTT01","Consumer prices: all items","NLD","Netherlands","ST","Level, ratio or index","M","Monthly","2011-07","Jul-2011","IDX","Index","0","units","2010_100","2010=100",102.675898714368,,
"CPALTT01","Consumer prices: all items","NLD","Netherlands","ST","Level, ratio or index","M","Monthly","2011-08","Aug-2011","IDX","Index","0","units","2010_100","2010=100",102.839673542177,,
"CPALTT01","Consumer prices: all items","NLD","Netherlands","ST","Level, ratio or index","M","Monthly","2011-09","Sep-2011","IDX","Index","0","units","2010_100","2010=100",103.21089648521,,
"CPALTT01","Consumer prices: all items","NLD","Netherlands","ST","Level, ratio or index","M","Monthly","2011-10","Oct-2011","IDX","Index","0","units","2010_100","2010=100",103.254569772626,,
"CPALTT01","Consumer prices: all items","NLD","Netherlands","ST","Level, ratio or index","M","Monthly","2011-11","Nov-2011","IDX","Index","0","units","2010_100","2010=100",102.937938438862,,
"CPALTT01","Consumer prices: all items","NLD","Netherlands","ST","Level, ratio or index","M","Monthly","2011-12","Dec-2011","IDX","Index","0","units","2010_100","2010=100",102.675898714368,,
"CPALTT01","Consumer prices: all items","NLD","Netherlands","ST","Level, ratio or index","M","Monthly","2012-01","Jan-2012","IDX","Index","0","units","2010_100","2010=100",102.621307105098,,
"CPALTT01","Consumer prices: all items","NLD","Netherlands","ST","Level, ratio or index","M","Monthly","2012-02","Feb-2012","IDX","Index","0","units","2010_100","2010=100",103.396507956727,,
"CPALTT01","Consumer prices: all items","NLD","Netherlands","ST","Level, ratio or index","M","Monthly","2012-03","Mar-2012","IDX","Index","0","units","2010_100","2010=100",104.575686716952,,
"CPALTT01","Consumer prices: all items","NLD","Netherlands","ST","Level, ratio or index","M","Monthly","2012-04","Apr-2012","IDX","Index","0","units","2010_100","2010=100",105.001501269255,,
"CPALTT01","Consumer prices: all items","NLD","Netherlands","ST","Level, ratio or index","M","Monthly","2012-05","May-2012","IDX","Index","0","units","2010_100","2010=100",104.8486447633,,
"CPALTT01","Consumer prices: all items","NLD","Netherlands","ST","Level, ratio or index","M","Monthly","2012-06","Jun-2012","IDX","Index","0","units","2010_100","2010=100",104.346401958019,,
"CPALTT01","Consumer prices: all items","NLD","Netherlands","ST","Level, ratio or index","M","Monthly","2012-07","Jul-2012","IDX","Index","0","units","2010_100","2010=100",105.034256234817,,
"CPALTT01","Consumer prices: all items","NLD","Netherlands","ST","Level, ratio or index","M","Monthly","2012-08","Aug-2012","IDX","Index","0","units","2010_100","2010=100",105.165276097064,,
"CPALTT01","Consumer prices: all items","NLD","Netherlands","ST","Level, ratio or index","M","Monthly","2012-09","Sep-2012","IDX","Index","0","units","2010_100","2010=100",105.602008971221,,
"CPALTT01","Consumer prices: all items","NLD","Netherlands","ST","Level, ratio or index","M","Monthly","2012-10","Oct-2012","IDX","Index","0","units","2010_100","2010=100",106.224353316895,,
"CPALTT01","Consumer prices: all items","NLD","Netherlands","ST","Level, ratio or index","M","Monthly","2012-11","Nov-2012","IDX","Index","0","units","2010_100","2010=100",105.787620442738,,
"CPALTT01","Consumer prices: all items","NLD","Netherlands","ST","Level, ratio or index","M","Monthly","2012-12","Dec-2012","IDX","Index","0","units","2010_100","2010=100",105.645682258637,,
"CPALTT01","Consumer prices: all items","NLD","Netherlands","ST","Level, ratio or index","M","Monthly","2013-01","Jan-2013","IDX","Index","0","units","2010_100","2010=100",105.667518902345,,
"CPALTT01","Consumer prices: all items","NLD","Netherlands","ST","Level, ratio or index","M","Monthly","2013-02","Feb-2013","IDX","Index","0","units","2010_100","2010=100",106.497311363243,,
"CPALTT01","Consumer prices: all items","NLD","Netherlands","ST","Level, ratio or index","M","Monthly","2013-03","Mar-2013","IDX","Index","0","units","2010_100","2010=100",107.632816836052,,
"CPALTT01","Consumer prices: all items","NLD","Netherlands","ST","Level, ratio or index","M","Monthly","2013-04","Apr-2013","IDX","Index","0","units","2010_100","2010=100",107.731081732738,,
"CPALTT01","Consumer prices: all items","NLD","Netherlands","ST","Level, ratio or index","M","Monthly","2013-05","May-2013","IDX","Index","0","units","2010_100","2010=100",107.752918376446,,
"CPALTT01","Consumer prices: all items","NLD","Netherlands","ST","Level, ratio or index","M","Monthly","2013-06","Jun-2013","IDX","Index","0","units","2010_100","2010=100",107.34894046785,,
"CPALTT01","Consumer prices: all items","NLD","Netherlands","ST","Level, ratio or index","M","Monthly","2013-07","Jul-2013","IDX","Index","0","units","2010_100","2010=100",108.255161181726,,
"CPALTT01","Consumer prices: all items","NLD","Netherlands","ST","Level, ratio or index","M","Monthly","2013-08","Aug-2013","IDX","Index","0","units","2010_100","2010=100",108.124141319479,,
"CPALTT01","Consumer prices: all items","NLD","Netherlands","ST","Level, ratio or index","M","Monthly","2013-09","Sep-2013","IDX","Index","0","units","2010_100","2010=100",108.178732928749,,
"CPALTT01","Consumer prices: all items","NLD","Netherlands","ST","Level, ratio or index","M","Monthly","2013-10","Oct-2013","IDX","Index","0","units","2010_100","2010=100",107.873019916839,,
"CPALTT01","Consumer prices: all items","NLD","Netherlands","ST","Level, ratio or index","M","Monthly","2013-11","Nov-2013","IDX","Index","0","units","2010_100","2010=100",107.338022145996,,
"CPALTT01","Consumer prices: all items","NLD","Netherlands","ST","Level, ratio or index","M","Monthly","2013-12","Dec-2013","IDX","Index","0","units","2010_100","2010=100",107.392613755266,,
"CPALTT01","Consumer prices: all items","NLD","Netherlands","ST","Level, ratio or index","M","Monthly","2014-01","Jan-2014","IDX","Index","0","units","2010_100","2010=100",107.163328996333,,
"CPALTT01","Consumer prices: all items","NLD","Netherlands","ST","Level, ratio or index","M","Monthly","2014-02","Feb-2014","IDX","Index","0","units","2010_100","2010=100",107.621898514198,,
"CPALTT01","Consumer prices: all items","NLD","Netherlands","ST","Level, ratio or index","M","Monthly","2014-03","Mar-2014","IDX","Index","0","units","2010_100","2010=100",108.517200906221,,
"CPALTT01","Consumer prices: all items","NLD","Netherlands","ST","Level, ratio or index","M","Monthly","2014-04","Apr-2014","IDX","Index","0","units","2010_100","2010=100",109.019443711502,,
"CPALTT01","Consumer prices: all items","NLD","Netherlands","ST","Level, ratio or index","M","Monthly","2014-05","May-2014","IDX","Index","0","units","2010_100","2010=100",108.648220768468,,
"CPALTT01","Consumer prices: all items","NLD","Netherlands","ST","Level, ratio or index","M","Monthly","2014-06","Jun-2014","IDX","Index","0","units","2010_100","2010=100",108.353426078412,,
"CPALTT01","Consumer prices: all items","NLD","Netherlands","ST","Level, ratio or index","M","Monthly","2014-07","Jul-2014","IDX","Index","0","units","2010_100","2010=100",109.23781014858,,
"CPALTT01","Consumer prices: all items","NLD","Netherlands","ST","Level, ratio or index","M","Monthly","2014-08","Aug-2014","IDX","Index","0","units","2010_100","2010=100",109.161381895603,,
"CPALTT01","Consumer prices: all items","NLD","Netherlands","ST","Level, ratio or index","M","Monthly","2014-09","Sep-2014","IDX","Index","0","units","2010_100","2010=100",109.139545251895,,
"CPALTT01","Consumer prices: all items","NLD","Netherlands","ST","Level, ratio or index","M","Monthly","2014-10","Oct-2014","IDX","Index","0","units","2010_100","2010=100",109.008525389648,,
"CPALTT01","Consumer prices: all items","NLD","Netherlands","ST","Level, ratio or index","M","Monthly","2014-11","Nov-2014","IDX","Index","0","units","2010_100","2010=100",108.364344400266,,
"CPALTT01","Consumer prices: all items","NLD","Netherlands","ST","Level, ratio or index","M","Monthly","2014-12","Dec-2014","IDX","Index","0","units","2010_100","2010=100",108.145977963187,,
"CPALTT01","Consumer prices: all items","NLD","Netherlands","ST","Level, ratio or index","M","Monthly","2015-01","Jan-2015","IDX","Index","0","units","2010_100","2010=100",107.163328996333,,
"CPALTT01","Consumer prices: all items","NLD","Netherlands","ST","Level, ratio or index","M","Monthly","2015-02","Feb-2015","IDX","Index","0","units","2010_100","2010=100",107.752918376446,,
"CPALTT01","Consumer prices: all items","NLD","Netherlands","ST","Level, ratio or index","M","Monthly","2015-03","Mar-2015","IDX","Index","0","units","2010_100","2010=100",108.910260492962,,
"CPALTT01","Consumer prices: all items","NLD","Netherlands","ST","Level, ratio or index","M","Monthly","2015-04","Apr-2015","IDX","Index","0","units","2010_100","2010=100",109.609033091614,,
"CPALTT01","Consumer prices: all items","NLD","Netherlands","ST","Level, ratio or index","M","Monthly","2015-05","May-2015","IDX","Index","0","units","2010_100","2010=100",109.8492361724,,
"CPALTT01","Consumer prices: all items","NLD","Netherlands","ST","Level, ratio or index","M","Monthly","2015-06","Jun-2015","IDX","Index","0","units","2010_100","2010=100",109.434339941951,,
"CPALTT01","Consumer prices: all items","NLD","Netherlands","ST","Level, ratio or index","M","Monthly","2015-07","Jul-2015","IDX","Index","0","units","2010_100","2010=100",110.275050724704,,
"CPALTT01","Consumer prices: all items","NLD","Netherlands","ST","Level, ratio or index","M","Monthly","2015-08","Aug-2015","IDX","Index","0","units","2010_100","2010=100",109.936582747232,,
"CPALTT01","Consumer prices: all items","NLD","Netherlands","ST","Level, ratio or index","M","Monthly","2015-09","Sep-2015","IDX","Index","0","units","2010_100","2010=100",109.729134632007,,
"CPALTT01","Consumer prices: all items","NLD","Netherlands","ST","Level, ratio or index","M","Monthly","2015-10","Oct-2015","IDX","Index","0","units","2010_100","2010=100",109.630869735322,,
"CPALTT01","Consumer prices: all items","NLD","Netherlands","ST","Level, ratio or index","M","Monthly","2015-11","Nov-2015","IDX","Index","0","units","2010_100","2010=100",109.019443711502,,
"CPALTT01","Consumer prices: all items","NLD","Netherlands","ST","Level, ratio or index","M","Monthly","2015-12","Dec-2015","IDX","Index","0","units","2010_100","2010=100",108.888423849254,,
"CPALTT01","Consumer prices: all items","NLD","Netherlands","ST","Level, ratio or index","M","Monthly","2016-01","Jan-2016","IDX","Index","0","units","2010_100","2010=100",107.774755020153,,
"CPALTT01","Consumer prices: all items","NLD","Netherlands","ST","Level, ratio or index","M","Monthly","2016-02","Feb-2016","IDX","Index","0","units","2010_100","2010=100",108.418936009535,,
"CPALTT01","Consumer prices: all items","NLD","Netherlands","ST","Level, ratio or index","M","Monthly","2016-03","Mar-2016","IDX","Index","0","units","2010_100","2010=100",109.521686516782,,
"CPALTT01","Consumer prices: all items","NLD","Netherlands","ST","Level, ratio or index","M","Monthly","2016-04","Apr-2016","IDX","Index","0","units","2010_100","2010=100",109.619951413468,,
"CPALTT01","Consumer prices: all items","NLD","Netherlands","ST","Level, ratio or index","A","Annual","1996","1996","IDX","Index","0","units","2010_100","2010=100",75.1744351710215,,
"CPALTT01","Consumer prices: all items","NLD","Netherlands","ST","Level, ratio or index","A","Annual","1997","1997","IDX","Index","0","units","2010_100","2010=100",76.8103595678564,,
"CPALTT01","Consumer prices: all items","NLD","Netherlands","ST","Level, ratio or index","A","Annual","1998","1998","IDX","Index","0","units","2010_100","2010=100",78.33540030629,,
"CPALTT01","Consumer prices: all items","NLD","Netherlands","ST","Level, ratio or index","A","Annual","1999","1999","IDX","Index","0","units","2010_100","2010=100",80.053316140675,,
"CPALTT01","Consumer prices: all items","NLD","Netherlands","ST","Level, ratio or index","A","Annual","2000","2000","IDX","Index","0","units","2010_100","2010=100",81.9078843709771,,
"CPALTT01","Consumer prices: all items","NLD","Netherlands","ST","Level, ratio or index","A","Annual","2001","2001","IDX","Index","0","units","2010_100","2010=100",85.3171664313975,,
"CPALTT01","Consumer prices: all items","NLD","Netherlands","ST","Level, ratio or index","A","Annual","2002","2002","IDX","Index","0","units","2010_100","2010=100",88.1212735956142,,
"CPALTT01","Consumer prices: all items","NLD","Netherlands","ST","Level, ratio or index","A","Annual","2003","2003","IDX","Index","0","units","2010_100","2010=100",89.9828696634206,,
"CPALTT01","Consumer prices: all items","NLD","Netherlands","ST","Level, ratio or index","A","Annual","2004","2004","IDX","Index","0","units","2010_100","2010=100",91.0971723432694,,
"CPALTT01","Consumer prices: all items","NLD","Netherlands","ST","Level, ratio or index","A","Annual","2005","2005","IDX","Index","0","units","2010_100","2010=100",92.622213081703,,
"CPALTT01","Consumer prices: all items","NLD","Netherlands","ST","Level, ratio or index","A","Annual","2006","2006","IDX","Index","0","units","2010_100","2010=100",93.7037191865318,,
"CPALTT01","Consumer prices: all items","NLD","Netherlands","ST","Level, ratio or index","A","Annual","2007","2007","IDX","Index","0","units","2010_100","2010=100",95.2162659916244,,
"CPALTT01","Consumer prices: all items","NLD","Netherlands","ST","Level, ratio or index","A","Annual","2008","2008","IDX","Index","0","units","2010_100","2010=100",97.5838663597405,,
"CPALTT01","Consumer prices: all items","NLD","Netherlands","ST","Level, ratio or index","A","Annual","2009","2009","IDX","Index","0","units","2010_100","2010=100",98.745021289618,,
"CPALTT01","Consumer prices: all items","NLD","Netherlands","ST","Level, ratio or index","A","Annual","2010","2010","IDX","Index","0","units","2010_100","2010=100",100,,
"CPALTT01","Consumer prices: all items","NLD","Netherlands","ST","Level, ratio or index","A","Annual","2011","2011","IDX","Index","0","units","2010_100","2010=100",102.341070177514,,
"CPALTT01","Consumer prices: all items","NLD","Netherlands","ST","Level, ratio or index","A","Annual","2012","2012","IDX","Index","0","units","2010_100","2010=100",104.854103924227,,
"CPALTT01","Consumer prices: all items","NLD","Netherlands","ST","Level, ratio or index","A","Annual","2013","2013","IDX","Index","0","units","2010_100","2010=100",107.482689910561,,
"CPALTT01","Consumer prices: all items","NLD","Netherlands","ST","Level, ratio or index","A","Annual","2014","2014","IDX","Index","0","units","2010_100","2010=100",108.531758668693,,
"CPALTT01","Consumer prices: all items","NLD","Netherlands","ST","Level, ratio or index","A","Annual","2015","2015","IDX","Index","0","units","2010_100","2010=100",109.18321853931,,
"CPALTT01","Consumer prices: all items","NLD","Netherlands","ST","Level, ratio or index","Q","Quarterly","1996-Q1","Q1-1996","IDX","Index","0","units","2010_100","2010=100",74.5794115956572,,
"CPALTT01","Consumer prices: all items","NLD","Netherlands","ST","Level, ratio or index","Q","Quarterly","1996-Q2","Q2-1996","IDX","Index","0","units","2010_100","2010=100",75.1322681459957,,
"CPALTT01","Consumer prices: all items","NLD","Netherlands","ST","Level, ratio or index","Q","Quarterly","1996-Q3","Q3-1996","IDX","Index","0","units","2010_100","2010=100",75.2322196127236,,
"CPALTT01","Consumer prices: all items","NLD","Netherlands","ST","Level, ratio or index","Q","Quarterly","1996-Q4","Q4-1996","IDX","Index","0","units","2010_100","2010=100",75.7538413297096,,
"CPALTT01","Consumer prices: all items","NLD","Netherlands","ST","Level, ratio or index","Q","Quarterly","1997-Q1","Q1-1997","IDX","Index","0","units","2010_100","2010=100",76.0786835965751,,
"CPALTT01","Consumer prices: all items","NLD","Netherlands","ST","Level, ratio or index","Q","Quarterly","1997-Q2","Q2-1997","IDX","Index","0","units","2010_100","2010=100",76.5721939635439,,
"CPALTT01","Consumer prices: all items","NLD","Netherlands","ST","Level, ratio or index","Q","Quarterly","1997-Q3","Q3-1997","IDX","Index","0","units","2010_100","2010=100",77.018852080484,,
"CPALTT01","Consumer prices: all items","NLD","Netherlands","ST","Level, ratio or index","Q","Quarterly","1997-Q4","Q4-1997","IDX","Index","0","units","2010_100","2010=100",77.5717086308224,,
"CPALTT01","Consumer prices: all items","NLD","Netherlands","ST","Level, ratio or index","Q","Quarterly","1998-Q1","Q1-1998","IDX","Index","0","units","2010_100","2010=100",77.6779070642208,,
"CPALTT01","Consumer prices: all items","NLD","Netherlands","ST","Level, ratio or index","Q","Quarterly","1998-Q2","Q2-1998","IDX","Index","0","units","2010_100","2010=100",78.2807393479232,,
"CPALTT01","Consumer prices: all items","NLD","Netherlands","ST","Level, ratio or index","Q","Quarterly","1998-Q3","Q3-1998","IDX","Index","0","units","2010_100","2010=100",78.4244195813445,,
"CPALTT01","Consumer prices: all items","NLD","Netherlands","ST","Level, ratio or index","Q","Quarterly","1998-Q4","Q4-1998","IDX","Index","0","units","2010_100","2010=100",78.9585352316715,,
"CPALTT01","Consumer prices: all items","NLD","Netherlands","ST","Level, ratio or index","Q","Quarterly","1999-Q1","Q1-1999","IDX","Index","0","units","2010_100","2010=100",79.3520941319124,,
"CPALTT01","Consumer prices: all items","NLD","Netherlands","ST","Level, ratio or index","Q","Quarterly","1999-Q2","Q2-1999","IDX","Index","0","units","2010_100","2010=100",80.0236430489902,,
"CPALTT01","Consumer prices: all items","NLD","Netherlands","ST","Level, ratio or index","Q","Quarterly","1999-Q3","Q3-1999","IDX","Index","0","units","2010_100","2010=100",80.1954346324287,,
"CPALTT01","Consumer prices: all items","NLD","Netherlands","ST","Level, ratio or index","Q","Quarterly","1999-Q4","Q4-1999","IDX","Index","0","units","2010_100","2010=100",80.6420927493688,,
"CPALTT01","Consumer prices: all items","NLD","Netherlands","ST","Level, ratio or index","Q","Quarterly","2000-Q1","Q1-2000","IDX","Index","0","units","2010_100","2010=100",80.8763539995122,,
"CPALTT01","Consumer prices: all items","NLD","Netherlands","ST","Level, ratio or index","Q","Quarterly","2000-Q2","Q2-2000","IDX","Index","0","units","2010_100","2010=100",81.7321884333695,,
"CPALTT01","Consumer prices: all items","NLD","Netherlands","ST","Level, ratio or index","Q","Quarterly","2000-Q3","Q3-2000","IDX","Index","0","units","2010_100","2010=100",82.1476117169571,,
"CPALTT01","Consumer prices: all items","NLD","Netherlands","ST","Level, ratio or index","Q","Quarterly","2000-Q4","Q4-2000","IDX","Index","0","units","2010_100","2010=100",82.8753833340694,,
"CPALTT01","Consumer prices: all items","NLD","Netherlands","ST","Level, ratio or index","Q","Quarterly","2001-Q1","Q1-2001","IDX","Index","0","units","2010_100","2010=100",84.0623070014626,,
"CPALTT01","Consumer prices: all items","NLD","Netherlands","ST","Level, ratio or index","Q","Quarterly","2001-Q2","Q2-2001","IDX","Index","0","units","2010_100","2010=100",85.3273177522371,,
"CPALTT01","Consumer prices: all items","NLD","Netherlands","ST","Level, ratio or index","Q","Quarterly","2001-Q3","Q3-2001","IDX","Index","0","units","2010_100","2010=100",85.6771478857846,,
"CPALTT01","Consumer prices: all items","NLD","Netherlands","ST","Level, ratio or index","Q","Quarterly","2001-Q4","Q4-2001","IDX","Index","0","units","2010_100","2010=100",86.2018930861058,,
"CPALTT01","Consumer prices: all items","NLD","Netherlands","ST","Level, ratio or index","Q","Quarterly","2002-Q1","Q1-2002","IDX","Index","0","units","2010_100","2010=100",87.2388895534073,,
"CPALTT01","Consumer prices: all items","NLD","Netherlands","ST","Level, ratio or index","Q","Quarterly","2002-Q2","Q2-2002","IDX","Index","0","units","2010_100","2010=100",88.175934553981,,
"CPALTT01","Consumer prices: all items","NLD","Netherlands","ST","Level, ratio or index","Q","Quarterly","2002-Q3","Q3-2002","IDX","Index","0","units","2010_100","2010=100",88.4289367041359,,
"CPALTT01","Consumer prices: all items","NLD","Netherlands","ST","Level, ratio or index","Q","Quarterly","2002-Q4","Q4-2002","IDX","Index","0","units","2010_100","2010=100",88.6413335709326,,
"CPALTT01","Consumer prices: all items","NLD","Netherlands","ST","Level, ratio or index","Q","Quarterly","2003-Q1","Q1-2003","IDX","Index","0","units","2010_100","2010=100",89.3659817047096,,
"CPALTT01","Consumer prices: all items","NLD","Netherlands","ST","Level, ratio or index","Q","Quarterly","2003-Q2","Q2-2003","IDX","Index","0","units","2010_100","2010=100",89.9688139884119,,
"CPALTT01","Consumer prices: all items","NLD","Netherlands","ST","Level, ratio or index","Q","Quarterly","2003-Q3","Q3-2003","IDX","Index","0","units","2010_100","2010=100",90.274915355266,,
"CPALTT01","Consumer prices: all items","NLD","Netherlands","ST","Level, ratio or index","Q","Quarterly","2003-Q4","Q4-2003","IDX","Index","0","units","2010_100","2010=100",90.3217676052947,,
"CPALTT01","Consumer prices: all items","NLD","Netherlands","ST","Level, ratio or index","Q","Quarterly","2004-Q1","Q1-2004","IDX","Index","0","units","2010_100","2010=100",90.4435834553693,,
"CPALTT01","Consumer prices: all items","NLD","Netherlands","ST","Level, ratio or index","Q","Quarterly","2004-Q2","Q2-2004","IDX","Index","0","units","2010_100","2010=100",91.2307012558511,,
"CPALTT01","Consumer prices: all items","NLD","Netherlands","ST","Level, ratio or index","Q","Quarterly","2004-Q3","Q3-2004","IDX","Index","0","units","2010_100","2010=100",91.2619360892036,,
"CPALTT01","Consumer prices: all items","NLD","Netherlands","ST","Level, ratio or index","Q","Quarterly","2004-Q4","Q4-2004","IDX","Index","0","units","2010_100","2010=100",91.4524685726536,,
"CPALTT01","Consumer prices: all items","NLD","Netherlands","ST","Level, ratio or index","Q","Quarterly","2005-Q1","Q1-2005","IDX","Index","0","units","2010_100","2010=100",91.9178675896051,,
"CPALTT01","Consumer prices: all items","NLD","Netherlands","ST","Level, ratio or index","Q","Quarterly","2005-Q2","Q2-2005","IDX","Index","0","units","2010_100","2010=100",92.6206513400354,,
"CPALTT01","Consumer prices: all items","NLD","Netherlands","ST","Level, ratio or index","Q","Quarterly","2005-Q3","Q3-2005","IDX","Index","0","units","2010_100","2010=100",92.8392951735026,,
"CPALTT01","Consumer prices: all items","NLD","Netherlands","ST","Level, ratio or index","Q","Quarterly","2005-Q4","Q4-2005","IDX","Index","0","units","2010_100","2010=100",93.1110382236689,,
"CPALTT01","Consumer prices: all items","NLD","Netherlands","ST","Level, ratio or index","Q","Quarterly","2006-Q1","Q1-2006","IDX","Index","0","units","2010_100","2010=100",92.9486170902362,,
"CPALTT01","Consumer prices: all items","NLD","Netherlands","ST","Level, ratio or index","Q","Quarterly","2006-Q2","Q2-2006","IDX","Index","0","units","2010_100","2010=100",93.9231438908327,,
"CPALTT01","Consumer prices: all items","NLD","Netherlands","ST","Level, ratio or index","Q","Quarterly","2006-Q3","Q3-2006","IDX","Index","0","units","2010_100","2010=100",93.9949840075434,,
"CPALTT01","Consumer prices: all items","NLD","Netherlands","ST","Level, ratio or index","Q","Quarterly","2006-Q4","Q4-2006","IDX","Index","0","units","2010_100","2010=100",93.9481317575147,,
"CPALTT01","Consumer prices: all items","NLD","Netherlands","ST","Level, ratio or index","Q","Quarterly","2007-Q1","Q1-2007","IDX","Index","0","units","2010_100","2010=100",94.4072838077958,,
"CPALTT01","Consumer prices: all items","NLD","Netherlands","ST","Level, ratio or index","Q","Quarterly","2007-Q2","Q2-2007","IDX","Index","0","units","2010_100","2010=100",95.6035779251949,,
"CPALTT01","Consumer prices: all items","NLD","Netherlands","ST","Level, ratio or index","Q","Quarterly","2007-Q3","Q3-2007","IDX","Index","0","units","2010_100","2010=100",95.2131425082892,,
"CPALTT01","Consumer prices: all items","NLD","Netherlands","ST","Level, ratio or index","Q","Quarterly","2007-Q4","Q4-2007","IDX","Index","0","units","2010_100","2010=100",95.6410597252178,,
"CPALTT01","Consumer prices: all items","NLD","Netherlands","ST","Level, ratio or index","Q","Quarterly","2008-Q1","Q1-2008","IDX","Index","0","units","2010_100","2010=100",96.4313010090349,,
"CPALTT01","Consumer prices: all items","NLD","Netherlands","ST","Level, ratio or index","Q","Quarterly","2008-Q2","Q2-2008","IDX","Index","0","units","2010_100","2010=100",97.8118806432134,,
"CPALTT01","Consumer prices: all items","NLD","Netherlands","ST","Level, ratio or index","Q","Quarterly","2008-Q3","Q3-2008","IDX","Index","0","units","2010_100","2010=100",98.2241804434658,,
"CPALTT01","Consumer prices: all items","NLD","Netherlands","ST","Level, ratio or index","Q","Quarterly","2008-Q4","Q4-2008","IDX","Index","0","units","2010_100","2010=100",97.8681033432478,,
"CPALTT01","Consumer prices: all items","NLD","Netherlands","ST","Level, ratio or index","Q","Quarterly","2009-Q1","Q1-2009","IDX","Index","0","units","2010_100","2010=100",98.3116379768527,,
"CPALTT01","Consumer prices: all items","NLD","Netherlands","ST","Level, ratio or index","Q","Quarterly","2009-Q2","Q2-2009","IDX","Index","0","units","2010_100","2010=100",99.3923632108476,,
"CPALTT01","Consumer prices: all items","NLD","Netherlands","ST","Level, ratio or index","Q","Quarterly","2009-Q3","Q3-2009","IDX","Index","0","units","2010_100","2010=100",98.5021704603027,,
"CPALTT01","Consumer prices: all items","NLD","Netherlands","ST","Level, ratio or index","Q","Quarterly","2009-Q4","Q4-2009","IDX","Index","0","units","2010_100","2010=100",98.773913510469,,
"CPALTT01","Consumer prices: all items","NLD","Netherlands","ST","Level, ratio or index","Q","Quarterly","2010-Q1","Q1-2010","IDX","Index","0","units","2010_100","2010=100",99.1783962804917,,
"CPALTT01","Consumer prices: all items","NLD","Netherlands","ST","Level, ratio or index","Q","Quarterly","2010-Q2","Q2-2010","IDX","Index","0","units","2010_100","2010=100",100.346656718862,,
"CPALTT01","Consumer prices: all items","NLD","Netherlands","ST","Level, ratio or index","Q","Quarterly","2010-Q3","Q3-2010","IDX","Index","0","units","2010_100","2010=100",100.037304266334,,
"CPALTT01","Consumer prices: all items","NLD","Netherlands","ST","Level, ratio or index","Q","Quarterly","2010-Q4","Q4-2010","IDX","Index","0","units","2010_100","2010=100",100.437642734312,,
"CPALTT01","Consumer prices: all items","NLD","Netherlands","ST","Level, ratio or index","Q","Quarterly","2011-Q1","Q1-2011","IDX","Index","0","units","2010_100","2010=100",101.027232114424,,
"CPALTT01","Consumer prices: all items","NLD","Netherlands","ST","Level, ratio or index","Q","Quarterly","2011-Q2","Q2-2011","IDX","Index","0","units","2010_100","2010=100",102.472090039761,,
"CPALTT01","Consumer prices: all items","NLD","Netherlands","ST","Level, ratio or index","Q","Quarterly","2011-Q3","Q3-2011","IDX","Index","0","units","2010_100","2010=100",102.908822913918,,
"CPALTT01","Consumer prices: all items","NLD","Netherlands","ST","Level, ratio or index","Q","Quarterly","2011-Q4","Q4-2011","IDX","Index","0","units","2010_100","2010=100",102.956135641952,,
"CPALTT01","Consumer prices: all items","NLD","Netherlands","ST","Level, ratio or index","Q","Quarterly","2012-Q1","Q1-2012","IDX","Index","0","units","2010_100","2010=100",103.531167259592,,
"CPALTT01","Consumer prices: all items","NLD","Netherlands","ST","Level, ratio or index","Q","Quarterly","2012-Q2","Q2-2012","IDX","Index","0","units","2010_100","2010=100",104.732182663525,,
"CPALTT01","Consumer prices: all items","NLD","Netherlands","ST","Level, ratio or index","Q","Quarterly","2012-Q3","Q3-2012","IDX","Index","0","units","2010_100","2010=100",105.267180434367,,
"CPALTT01","Consumer prices: all items","NLD","Netherlands","ST","Level, ratio or index","Q","Quarterly","2012-Q4","Q4-2012","IDX","Index","0","units","2010_100","2010=100",105.885885339423,,
"CPALTT01","Consumer prices: all items","NLD","Netherlands","ST","Level, ratio or index","Q","Quarterly","2013-Q1","Q1-2013","IDX","Index","0","units","2010_100","2010=100",106.599215700547,,
"CPALTT01","Consumer prices: all items","NLD","Netherlands","ST","Level, ratio or index","Q","Quarterly","2013-Q2","Q2-2013","IDX","Index","0","units","2010_100","2010=100",107.610980192344,,
"CPALTT01","Consumer prices: all items","NLD","Netherlands","ST","Level, ratio or index","Q","Quarterly","2013-Q3","Q3-2013","IDX","Index","0","units","2010_100","2010=100",108.186011809985,,
"CPALTT01","Consumer prices: all items","NLD","Netherlands","ST","Level, ratio or index","Q","Quarterly","2013-Q4","Q4-2013","IDX","Index","0","units","2010_100","2010=100",107.534551939367,,
"CPALTT01","Consumer prices: all items","NLD","Netherlands","ST","Level, ratio or index","Q","Quarterly","2014-Q1","Q1-2014","IDX","Index","0","units","2010_100","2010=100",107.767476138917,,
"CPALTT01","Consumer prices: all items","NLD","Netherlands","ST","Level, ratio or index","Q","Quarterly","2014-Q2","Q2-2014","IDX","Index","0","units","2010_100","2010=100",108.673696852794,,
"CPALTT01","Consumer prices: all items","NLD","Netherlands","ST","Level, ratio or index","Q","Quarterly","2014-Q3","Q3-2014","IDX","Index","0","units","2010_100","2010=100",109.179579098693,,
"CPALTT01","Consumer prices: all items","NLD","Netherlands","ST","Level, ratio or index","Q","Quarterly","2014-Q4","Q4-2014","IDX","Index","0","units","2010_100","2010=100",108.506282584367,,
"CPALTT01","Consumer prices: all items","NLD","Netherlands","ST","Level, ratio or index","Q","Quarterly","2015-Q1","Q1-2015","IDX","Index","0","units","2010_100","2010=100",107.94216928858,,
"CPALTT01","Consumer prices: all items","NLD","Netherlands","ST","Level, ratio or index","Q","Quarterly","2015-Q2","Q2-2015","IDX","Index","0","units","2010_100","2010=100",109.630869735322,,
"CPALTT01","Consumer prices: all items","NLD","Netherlands","ST","Level, ratio or index","Q","Quarterly","2015-Q3","Q3-2015","IDX","Index","0","units","2010_100","2010=100",109.980256034647,,
"CPALTT01","Consumer prices: all items","NLD","Netherlands","ST","Level, ratio or index","Q","Quarterly","2015-Q4","Q4-2015","IDX","Index","0","units","2010_100","2010=100",109.179579098693,,
"CPALTT01","Consumer prices: all items","NLD","Netherlands","ST","Level, ratio or index","Q","Quarterly","2016-Q1","Q1-2016","IDX","Index","0","units","2010_100","2010=100",108.57179251549,,
